<?xml version="1.0" encoding="UTF-8"?>
<keywords>
   <keywords>
      <text FeatureID="-1">searching IM users</text>
      <target FeatureID="-1" href="IMNG_HLP_SEARCHCHAT.html">Search IM users</target>
   </keywords>
   <keywords>
      <text FeatureID="-1">instant messaging</text>
      <target FeatureID="-1" href="IMNG_HLP_SEARCHCHAT.html">Search IM users</target>
      <target FeatureID="-1" href="IMNG_HLP_SAVED_VIEW.html">View saved conversations</target>
      <target FeatureID="-1" href="IMNG_HLP_SAVED_LIST.html">Saved conversations</target>
      <target FeatureID="-1" href="IMNG_HLP_IMCHAT.html">Group conversations</target>
      <target FeatureID="-1" href="IMNG_HLP_GROUP_EDIT.html">Group editing rights</target>
      <target FeatureID="-1" href="IMNG_HLP_GROUP_BAN.html">Ban IM users from groups</target>
      <target FeatureID="-1" href="IMNG_HLP_CONT_OWN_DATA.html">My data</target>
      <target FeatureID="-1" href="IMNG_HLP_COMMUNITY_VIEW_EMPTY.html">Start to use IM</target>
      <target FeatureID="-1" href="IMNG_HLP_COMMUNITY_VIEW.html">Instant messaging</target>
      <target FeatureID="-1" href="IMNG_HLP_CREATECHAT.html">IM group settings</target>
      <target FeatureID="-1" href="IMNG_HLP_ACCLIST.html">IM group members</target>
      <target FeatureID="-1" href="IMNG_HLP_CONVERSATIONS.html">IM conversations</target>
      <target FeatureID="-1" href="IMNG_HLP_APPSETT.html">IM application settings</target>
   </keywords>
   <keywords>
      <text FeatureID="-1">searching IM groups</text>
      <target FeatureID="-1" href="IMNG_HLP_SEARCHCHAT.html">Search IM users</target>
   </keywords>
   <keywords>
      <text FeatureID="-1">saved conversations</text>
      <target FeatureID="-1" href="IMNG_HLP_SAVED_LIST.html">Saved conversations</target>
   </keywords>
   <keywords>
      <text FeatureID="-1">joining IM groups</text>
      <target FeatureID="-1" href="IMNG_HLP_IMCHAT.html">Group conversations</target>
   </keywords>
   <keywords>
      <text FeatureID="-1">editing rights</text>
      <target FeatureID="-1" href="IMNG_HLP_GROUP_EDIT.html">Group editing rights</target>
   </keywords>
   <keywords>
      <text FeatureID="-1">banned list</text>
      <target FeatureID="-1" href="IMNG_HLP_GROUP_BAN.html">Ban IM users from groups</target>
   </keywords>
   <keywords>
      <text FeatureID="-1">IM group members</text>
      <target FeatureID="-1" href="IMNG_HLP_GROUP_BAN.html">Ban IM users from groups</target>
      <target FeatureID="-1" href="IMNG_HLP_ACCLIST.html">IM group members</target>
   </keywords>
   <keywords>
      <text FeatureID="-1">IM contacts</text>
      <target FeatureID="-1" href="IMNG_HLP_CONT_OWN_DATA.html">My data</target>
      <target FeatureID="-1" href="IMNG_HLP_BLOCKED_VIEW.html">Blocked contacts</target>
      <target FeatureID="-1" href="IMNG_HLP_CONTACTDETAILS.html">IM contact details</target>
   </keywords>
   <keywords>
      <text FeatureID="-1">IM</text>
      <target FeatureID="-1" href="IMNG_HLP_COMMUNITY_VIEW_EMPTY.html">Start to use IM</target>
      <target FeatureID="-1" href="IMNG_HLP_COMMUNITY_VIEW.html">Instant messaging</target>
      <target FeatureID="-1" href="IMNG_HLP_CONVERSATIONS.html">IM conversations</target>
   </keywords>
   <keywords>
      <text FeatureID="-1">blocked IM contacts</text>
      <target FeatureID="-1" href="IMNG_HLP_BLOCKED_VIEW.html">Blocked contacts</target>
   </keywords>
   <keywords>
      <text FeatureID="-1">IM settings</text>
      <target FeatureID="-1" href="IMNG_HLP_SETTINGS.html">IM settings</target>
      <target FeatureID="-1" href="IMNG_HLP_APPSETT.html">IM application settings</target>
   </keywords>
   <keywords>
      <text FeatureID="-1">IM servers</text>
      <target FeatureID="-1" href="IMNG_HLP_SERVLISTSETT_IM.html">IM servers</target>
   </keywords>
   <keywords>
      <text FeatureID="-1">IM server settings</text>
      <target FeatureID="-1" href="IMNG_HLP_DEFSERVER.html">IM server settings</target>
   </keywords>
   <keywords>
      <text FeatureID="-1">server settings</text>
      <target FeatureID="-1" href="IMNG_HLP_DEFSERVER.html">IM server settings</target>
   </keywords>
   <keywords>
      <text FeatureID="-1">invitations</text>
      <target FeatureID="-1" href="IMNG_HLP_INVITE.html">IM invitations</target>
   </keywords>
   <keywords>
      <text FeatureID="-1">IM group settings</text>
      <target FeatureID="-1" href="IMNG_HLP_CREATECHAT.html">IM group settings</target>
   </keywords>
   <keywords>
      <text FeatureID="-1">conversations</text>
      <target FeatureID="-1" href="IMNG_HLP_CONVERSATIONS.html">IM conversations</target>
   </keywords>
   <keywords>
      <text FeatureID="-1">Instant messaging</text>
      <target FeatureID="-1" href="IMNG_HLP_CONTACTDETAILS.html">IM contact details</target>
   </keywords>
</keywords>